INSERT INTO Customer (CustomerID, Name, Address, DateOfBirth, ContactDetails) VALUES
(1, 'John Doe', '123 Maple Street', '1980-01-01', '555-1234'),
(2, 'Jane Smith', '456 Oak Avenue', '1990-02-02', '555-5678'),
(3, 'Alice Johnson', '789 Pine Road', '1985-03-03', '555-9012'),
(4, 'Bob Brown', '321 Cedar Blvd', '1975-04-04', '555-3456'),
(5, 'Carol White', '654 Elm Lane', '1995-05-05', '555-7890'),
(6, 'David Green', '987 Walnut Street', '1978-06-06', '555-6543'),
(7, 'Emma Black', '543 Cherry Avenue', '1982-07-07', '555-3210'),
(8, 'Frank Gray', '210 Birch Road', '1970-08-08', '555-4321'),
(9, 'Grace Blue', '678 Fir Blvd', '1992-09-09', '555-8765'),
(10, 'Henry Yellow', '135 Oak Lane', '1983-10-10', '555-1357'),
(11, 'Irene Orange', '456 Maple Street', '1991-11-11', '555-2468'),
(12, 'Jason Purple', '789 Oak Avenue', '1986-12-12', '555-3692'),
(13, 'Karen Red', '321 Pine Road', '1976-01-13', '555-4826'),
(14, 'Leo Pink', '654 Cedar Blvd', '1996-02-14', '555-5940'),
(15, 'Mona Silver', '987 Elm Lane', '1979-03-15', '555-6174'),
(16, 'Nathan Gold', '543 Walnut Street', '1983-04-16', '555-7288'),
(17, 'Olivia Maroon', '210 Cherry Avenue', '1971-05-17', '555-8312'),
(18, 'Peter Cyan', '678 Birch Road', '1993-06-18', '555-9436'),
(19, 'Quincy Teal', '135 Fir Blvd', '1984-07-19', '555-0540'),
(20, 'Rachel Beige', '890 Oak Lane', '1985-08-20', '555-1654'),
(21, 'Sam Green', '112 Acacia Avenue', '1987-09-21', '555-2111'),
(22, 'Tina Brown', '223 Birch Street', '1988-10-22', '555-2222'),
(23, 'Uma White', '334 Cedar Lane', '1989-11-23', '555-2333'),
(24, 'Victor Black', '445 Dogwood Road', '1990-12-24', '555-2444'),
(25, 'Wendy Yellow', '556 Elm Street', '1976-01-25', '555-2555'),
(26, 'Xander Violet', '667 Fir Avenue', '1977-02-26', '555-2666'),
(27, 'Yolanda Blue', '778 Grove Lane', '1978-03-27', '555-2777'),
(28, 'Zachary Orange', '889 Hickory Road', '1979-04-28', '555-2888'),
(29, 'Amy Lime', '990 Ivy Street', '1980-05-29', '555-2999'),
(30, 'Brian Magenta', '101 Jasmine Avenue', '1981-06-30', '555-3000'),
(31, 'Clara Cyan', '202 Kettle Lane', '1982-07-31', '555-3111'),
(32, 'Derek Taupe', '313 Larch Road', '1983-08-01', '555-3222'),
(33, 'Elena Ruby', '424 Maple Street', '1984-09-02', '555-3333'),
(34, 'Felix Sapphire', '535 Nutmeg Avenue', '1985-10-03', '555-3444'),
(35, 'Gina Emerald', '646 Oak Lane', '1986-11-04', '555-3555'),
(36, 'Hank Amber', '757 Palm Road', '1987-12-05', '555-3666'),
(37, 'Isabel Pearl', '868 Quince Street', '1974-01-06', '555-3777'),
(38, 'Jerry Quartz', '979 Rose Avenue', '1975-02-07', '555-3888'),
(39, 'Kara Topaz', '1080 Spruce Lane', '1976-03-08', '555-3999'),
(40, 'Luis Garnet', '1191 Tulip Road', '1977-04-09', '555-4000'),
(41, 'Mina Quartz', '2021 Willow Lane', '1988-05-10', '555-4101'),
(42, 'Nolan Jet', '2122 Birch Street', '1989-06-11', '555-4202'),
(43, 'Olga Copper', '2233 Cedar Road', '1990-07-12', '555-4303'),
(44, 'Pablo Bronze', '2344 Dogwood Lane', '1991-08-13', '555-4404'),
(45, 'Quincy Nickel', '2455 Elm Avenue', '1977-09-14', '555-4505'),
(46, 'Rita Iron', '2566 Fir Street', '1978-10-15', '555-4606'),
(47, 'Steve Zinc', '2677 Grove Road', '1979-11-16', '555-4707'),
(48, 'Tanya Steel', '2788 Hickory Lane', '1980-12-17', '555-4808'),
(49, 'Ursula Brass', '2899 Ivy Avenue', '1981-01-18', '555-4909'),
(50, 'Vincent Lead', '3000 Jasmine Street', '1982-02-19', '555-5010'),
(51, 'Wendy Cobalt', '3111 Kettle Road', '1983-03-20', '555-5111'),
(52, 'Xavier Nickel', '3222 Larch Lane', '1984-04-21', '555-5212'),
(53, 'Yasmine Alloy', '3333 Maple Avenue', '1985-05-22', '555-5313'),
(54, 'Zane Tin', '3444 Nutmeg Street', '1986-06-23', '555-5414'),
(55, 'Abigail Silver', '3555 Oak Road', '1987-07-24', '555-5515'),
(56, 'Bradley Gold', '3666 Palm Lane', '1975-08-25', '555-5616'),
(57, 'Cecilia Platinum', '3777 Quince Avenue', '1976-09-26', '555-5717'),
(58, 'Dexter Mercury', '3888 Rose Street', '1977-10-27', '555-5818'),
(59, 'Elaine Titanium', '3999 Spruce Road', '1978-11-28', '555-5919'),
(60, 'Felix Ironside', '4000 Tulip Lane', '1979-12-29', '555-6020'),
(61, 'Georgia Irons', '4111 Willow Street', '1988-01-30', '555-6121'),
(62, 'Harold Copperfield', '4222 Birch Lane', '1999-02-22', '555-6222'),
(63, 'Ivy Brassington', '4333 Cedar Avenue', '1990-03-01', '555-6323'),
(64, 'Jake Steelman', '4444 Dogwood Road', '1991-04-02', '555-6424'),
(65, 'Kara Titanium', '4555 Elm Street', '1978-05-03', '555-6525'),
(66, 'Leonardo Goldsmith', '4666 Fir Lane', '1979-06-04', '555-6626'),
(67, 'Maya Silverstone', '4777 Grove Avenue', '1980-07-05', '555-6727'),
(68, 'Nigel Ironheart', '4888 Hickory Street', '1981-08-06', '555-6828'),
(69, 'Olivia Metallica', '4999 Ivy Road', '1982-09-07', '555-6929'),
(70, 'Pierce Bronzini', '5000 Jasmine Lane', '1983-10-08', '555-7030'),
(71, 'Quinn Steel', '5111 Kettle Avenue', '1984-11-09', '555-7131'),
(72, 'Rosalie Copperton', '5222 Larch Street', '1985-12-10', '555-7232'),
(73, 'Sebastian Nickel', '5333 Maple Lane', '1986-01-11', '555-7333'),
(74, 'Talia Ferrous', '5444 Nutmeg Avenue', '1987-02-12', '555-7434'),
(75, 'Uriah Ledbetter', '5555 Oak Street', '1988-03-13', '555-7535'),
(76, 'Valerie Zinc', '5666 Palm Road', '1976-04-14', '555-7636'),
(77, 'Winston Copper', '5777 Quince Lane', '1977-05-15', '555-7737'),
(78, 'Xena Irons', '5888 Rose Avenue', '1978-06-16', '555-7838'),
(79, 'Yardley Steel', '5999 Spruce Street', '1979-07-17', '555-7939'),
(80, 'Zachariah Bronze', '6000 Tulip Avenue', '1980-08-18', '555-8040'),
(81, 'Allison Marble', '6111 Violet Street', '1981-09-19', '555-8141'),
(82, 'Bryan Quartz', '6222 Lily Lane', '1982-10-20', '555-8242'),
(83, 'Carmen Onyx', '6333 Daisy Avenue', '1983-11-21', '555-8343'),
(84, 'Derek Garnet', '6444 Tulip Road', '1984-12-22', '555-8444'),
(85, 'Elena Amethyst', '6555 Rose Street', '1985-01-23', '555-8545'),
(86, 'Felix Jasper', '6666 Orchid Lane', '1986-02-24', '555-8646'),
(87, 'Gina Emerald', '6777 Lily Avenue', '1987-03-25', '555-8747'),
(88, 'Hank Sapphire', '6888 Daisy Street', '1988-04-26', '555-8848'),
(89, 'Isla Ruby', '6999 Tulip Lane', '1989-05-27', '555-8949'),
(90, 'Joel Topaz', '7000 Rose Avenue', '1990-06-28', '555-9050'),
(91, 'Kylie Diamond', '7111 Orchid Road', '1991-07-29', '555-9151'),
(92, 'Leon Opal', '7222 Lily Street', '1992-08-30', '555-9252'),
(93, 'Mia Pearl', '7333 Daisy Lane', '1993-09-01', '555-9353'),
(94, 'Noah Lapis', '7444 Tulip Avenue', '1994-10-02', '555-9454'),
(95, 'Olivia Coral', '7555 Rose Street', '1995-11-03', '555-9555'),
(96, 'Parker Agate', '7666 Orchid Avenue', '1996-12-04', '555-9656'),
(97, 'Quinn Moonstone', '7777 Lily Lane', '1974-01-05', '555-9757'),
(98, 'Riley Jade', '7888 Daisy Street', '1975-02-06', '555-9858'),
(99, 'Samantha Sunstone', '7999 Tulip Road', '1976-03-07', '555-9959'),
(100, 'Theo Citrine', '8000 Rose Avenue', '1977-04-08', '555-0060');


INSERT INTO Account (AccountNumber, Type, AccountBalance, CustomerID) VALUES
(101, 'Savings', 5000.00, 1),
(102, 'Checking', 3000.00, 2),
(103, 'Savings', 4500.00, 3),
(104, 'Checking', 2200.00, 4),
(105, 'Savings', 5500.00, 5),
(106, 'Checking', 3500.00, 6),
(107, 'Savings', 4800.00, 7),
(108, 'Checking', 4100.00, 8),
(109, 'Savings', 6000.00, 9),
(110, 'Checking', 3200.00, 10),
(111, 'Savings', 5300.00, 11),
(112, 'Checking', 4000.00, 12),
(113, 'Savings', 4700.00, 13),
(114, 'Checking', 3600.00, 14),
(115, 'Loan', -7500.00, 15),
(116, 'Savings', 6100.00, 16),
(117, 'Checking', 3900.00, 17),
(118, 'Savings', 5200.00, 18),
(119, 'Checking', 3500.00, 19),
(120, 'Savings', 5600.00, 20),
(121, 'Checking', 4200.00, 21),
(122, 'Loan', -5000.00, 22),
(123, 'Savings', 5100.00, 23),
(124, 'Checking', 3700.00, 24),
(125, 'Savings', 5800.00, 25),
(126, 'Loan', -10000.00, 26),
(127, 'Checking', 4300.00, 27),
(128, 'Savings', 5400.00, 28),
(129, 'Checking', 3800.00, 29),
(130, 'Loan', -6000.00, 30),
(131, 'Checking', 4500.00, 31),
(132, 'Savings', 5100.00, 32),
(133, 'Checking', 3800.00, 33),
(134, 'Loan', -8500.00, 34),
(135, 'Savings', 4900.00, 35),
(136, 'Checking', 4100.00, 36),
(137, 'Savings', 5300.00, 37),
(138, 'Loan', -12000.00, 38),
(139, 'Checking', 3600.00, 39),
(140, 'Savings', 5500.00, 40),
(141, 'Checking', 4300.00, 41),
(142, 'Savings', 5200.00, 42),
(143, 'Checking', 4000.00, 43),
(144, 'Savings', 5700.00, 44),
(145, 'Loan', -7000.00, 45),
(146, 'Checking', 3900.00, 46),
(147, 'Savings', 5400.00, 47),
(148, 'Loan', -9500.00, 48),
(149, 'Checking', 4200.00, 49),
(150, 'Savings', 5000.00, 50),
(151, 'Savings', 6300.00, 51),
(152, 'Checking', 4100.00, 52),
(153, 'Loan', -12000.00, 53),
(154, 'Checking', 3400.00, 54),
(155, 'Savings', 5200.00, 55),
(156, 'Loan', -9500.00, 56),
(157, 'Savings', 6100.00, 57),
(158, 'Checking', 3700.00, 58),
(159, 'Loan', -15000.00, 59),
(160, 'Savings', 5600.00, 60),
(161, 'Checking', 4300.00, 61),
(162, 'Savings', 5900.00, 62),
(163, 'Checking', 3900.00, 63),
(164, 'Loan', -5000.00, 64),
(165, 'Savings', 5400.00, 65),
(166, 'Checking', 3600.00, 66),
(167, 'Loan', -7000.00, 67),
(168, 'Savings', 5800.00, 68),
(169, 'Checking', 4500.00, 69),
(170, 'Loan', -11000.00, 70),
(171, 'Checking', 4000.00, 71),
(172, 'Savings', 5500.00, 72),
(173, 'Checking', 3200.00, 73),
(174, 'Savings', 5000.00, 74),
(175, 'Loan', -6500.00, 75),
(176, 'Checking', 3800.00, 76),
(177, 'Savings', 4800.00, 77),
(178, 'Loan', -7500.00, 78),
(179, 'Checking', 4200.00, 79),
(180, 'Savings', 5300.00, 80),
(181, 'Loan', -8200.00, 81),
(182, 'Checking', 4600.00, 82),
(183, 'Savings', 6100.00, 83),
(184, 'Checking', 3500.00, 84),
(185, 'Loan', -5600.00, 85),
(186, 'Savings', 5200.00, 86),
(187, 'Checking', 3700.00, 87),
(188, 'Loan', -9000.00, 88),
(189, 'Savings', 5700.00, 89),
(190, 'Checking', 4100.00, 90),
(191, 'Savings', 5400.00, 91),
(192, 'Checking', 4600.00, 92),
(193, 'Loan', -6800.00, 93),
(194, 'Savings', 6100.00, 94),
(195, 'Checking', 3900.00, 95),
(196, 'Loan', -7400.00, 96),
(197, 'Savings', 5600.00, 97),
(198, 'Checking', 4300.00, 98),
(199, 'Loan', -8000.00, 99),
(200, 'Savings', 5800.00, 100);

INSERT INTO FraudDetectionModel (ModelVersion, LastTrainedDate, Sensitivity, AlertLevel) VALUES
(1, '2023-01-10', 0.75, 'Medium'),
(2, '2023-02-15', 0.80, 'High'),
(3, '2023-03-20', 0.65, 'Low'),
(4, '2023-04-25', 0.70, 'Medium'),
(5, '2023-05-30', 0.85, 'High'),
(6, '2023-06-05', 0.60, 'Low'),
(7, '2023-07-11', 0.78, 'Medium'),
(8, '2023-08-16', 0.82, 'High'),
(9, '2023-09-21', 0.68, 'Low'),
(10, '2023-10-27', 0.73, 'Medium'),
(11, '2023-11-05', 0.77, 'High'),
(12, '2023-12-10', 0.62, 'Low'),
(13, '2024-01-15', 0.69, 'Medium'),
(14, '2024-02-20', 0.74, 'Medium'),
(15, '2024-03-27', 0.88, 'High'),
(16, '2024-05-01', 0.81, 'High'),
(17, '2024-06-06', 0.67, 'Low'),
(18, '2024-07-12', 0.71, 'Medium'),
(19, '2024-08-17', 0.76, 'Medium'),
(20, '2024-09-22', 0.83, 'High'),
(21, '2024-10-28', 0.64, 'Low'),
(22, '2024-12-03', 0.79, 'High'),
(23, '2025-01-08', 0.85, 'High'),
(24, '2025-02-13', 0.66, 'Low'),
(25, '2025-03-21', 0.72, 'Medium'),
(26, '2025-04-26', 0.80, 'High'),
(27, '2025-06-01', 0.61, 'Low'),
(28, '2025-07-07', 0.75, 'Medium'),
(29, '2025-08-12', 0.82, 'High'),
(30, '2025-09-17', 0.70, 'Medium'),
(31, '2025-10-22', 0.84, 'High'),
(32, '2025-11-27', 0.63, 'Low'),
(33, '2025-12-30', 0.78, 'Medium'),
(34, '2026-02-02', 0.87, 'High'),
(35, '2026-03-09', 0.65, 'Low'),
(36, '2026-04-13', 0.71, 'Medium'),
(37, '2026-05-18', 0.83, 'High'),
(38, '2026-06-22', 0.62, 'Low'),
(39, '2026-07-27', 0.76, 'Medium'),
(40, '2026-08-31', 0.85, 'High'),
(41, '2026-10-05', 0.67, 'Low'),
(42, '2026-11-09', 0.80, 'High'),
(43, '2026-12-14', 0.64, 'Low'),
(44, '2027-01-18', 0.72, 'Medium'),
(45, '2027-02-22', 0.82, 'High'),
(46, '2027-03-29', 0.68, 'Low'),
(47, '2027-05-03', 0.77, 'Medium'),
(48, '2027-06-07', 0.86, 'High'),
(49, '2027-07-12', 0.66, 'Low'),
(50, '2027-08-16', 0.73, 'Medium'),
(51, '2027-09-20', 0.81, 'High'),
(52, '2027-10-25', 0.69, 'Low'),
(53, '2027-11-29', 0.74, 'Medium'),
(54, '2027-12-03', 0.88, 'High'),
(55, '2028-01-07', 0.70, 'Low'),
(56, '2028-02-11', 0.79, 'Medium'),
(57, '2028-03-17', 0.84, 'High'),
(58, '2028-04-21', 0.63, 'Low'),
(59, '2028-05-26', 0.75, 'Medium'),
(60, '2028-06-30', 0.86, 'High'),
(61, '2028-08-03', 0.82, 'High'),
(62, '2028-09-07', 0.61, 'Low'),
(63, '2028-10-12', 0.76, 'Medium'),
(64, '2028-11-16', 0.85, 'High'),
(65, '2028-12-21', 0.64, 'Low'),
(66, '2029-01-25', 0.72, 'Medium'),
(67, '2029-02-28', 0.83, 'High'),
(68, '2029-04-04', 0.62, 'Low'),
(69, '2029-05-09', 0.77, 'Medium'),
(70, '2029-06-13', 0.86, 'High'),
(71, '2029-07-18', 0.65, 'Low'),
(72, '2029-08-22', 0.81, 'High'),
(73, '2029-09-26', 0.63, 'Low'),
(74, '2029-10-31', 0.73, 'Medium'),
(75, '2029-12-05', 0.84, 'High'),
(76, '2030-01-09', 0.67, 'Low'),
(77, '2030-02-13', 0.78, 'Medium'),
(78, '2030-03-20', 0.87, 'High'),
(79, '2030-04-24', 0.66, 'Low'),
(80, '2030-05-29', 0.74, 'Medium'),
(81, '2030-07-03', 0.82, 'High'),
(82, '2030-08-07', 0.68, 'Low'),
(83, '2030-09-11', 0.75, 'Medium'),
(84, '2030-10-16', 0.88, 'High'),
(85, '2030-11-20', 0.69, 'Low'),
(86, '2030-12-25', 0.80, 'Medium'),
(87, '2031-01-29', 0.83, 'High'),
(88, '2031-03-05', 0.60, 'Low'),
(89, '2031-04-09', 0.76, 'Medium'),
(90, '2031-05-14', 0.85, 'High'),
(91, '2031-06-18', 0.71, 'Medium'),
(92, '2031-07-23', 0.84, 'High'),
(93, '2031-08-27', 0.62, 'Low'),
(94, '2031-10-01', 0.79, 'Medium'),
(95, '2031-11-05', 0.86, 'High'),
(96, '2031-12-10', 0.63, 'Low'),
(97, '2032-01-14', 0.75, 'Medium'),
(98, '2032-02-18', 0.88, 'High'),
(99, '2032-03-24', 0.64, 'Low'),
(100, '2032-04-28', 0.77, 'Medium');

INSERT INTO Transaction (TransactionID, Amount, Date, SourceAccount, DestinationAccount, TransactionType, MerchantDetails, Status, ModelVersionID) VALUES
(1001, 85.75, '2023-01-01', 101, NULL, 'Deposit', 'Interest Payment', 'Completed', 1),
(1002, 120.00, '2023-01-02', NULL, 142, 'Withdrawal', NULL, 'Completed', 2),
(1003, 250.50, '2023-01-03', 198, 165, 'Transfer', 'Payment to Vendor', 'Completed', 3),
(1004, 49.99, '2023-01-04', 112, NULL, 'Deposit', 'Cashback Reward', 'Completed', 4),
(1005, 300.25, '2023-01-05', NULL, 189, 'Withdrawal', NULL, 'Completed', 5),
(1006, 175.00, '2023-01-06', 105, 154, 'Transfer', 'Energy Bill', 'Completed', 6),
(1007, 99.95, '2023-01-07', 178, NULL, 'Deposit', 'Tax Refund', 'Completed', 7),
(1008, 20.00, '2023-01-08', NULL, 120, 'Withdrawal', NULL, 'Completed', 8),
(1009, 450.00, '2023-01-09', 137, 196, 'Transfer', 'Insurance Premium', 'Completed', 9),
(1010, 75.00, '2023-01-10', 150, NULL, 'Deposit', 'Referral Bonus', 'Completed', 10),
(1011, 105.50, '2023-01-11', NULL, 161, 'Withdrawal', NULL, 'Completed', 11),
(1012, 200.00, '2023-01-12', 124, 176, 'Transfer', 'Grocery Shopping', 'Completed', 12),
(1013, 150.75, '2023-01-13', 127, NULL, 'Deposit', 'Reward Points', 'Completed', 13),
(1014, 80.00, '2023-01-14', NULL, 118, 'Withdrawal', NULL, 'Completed', 14),
(1015, 325.25, '2023-01-15', 143, 195, 'Transfer', 'Utility Bill', 'Completed', 15),
(1016, 120.50, '2023-01-16', 199, NULL, 'Deposit', 'Bonus Payment', 'Completed', 16),
(1017, 45.00, '2023-01-17', NULL, 133, 'Withdrawal', NULL, 'Completed', 17),
(1018, 275.00, '2023-01-18', 150, 172, 'Transfer', 'Online Shopping', 'Completed', 18),
(1019, 90.25, '2023-01-19', 128, NULL, 'Deposit', 'Cashback Reward', 'Completed', 19),
(1020, 65.00, '2023-01-20', NULL, 121, 'Withdrawal', NULL, 'Completed', 20),
(1021, 180.00, '2023-01-21', 114, 158, 'Transfer', 'Restaurant Bill', 'Completed', 21),
(1022, 55.75, '2023-01-22', 197, NULL, 'Deposit', 'Refund', 'Completed', 22),
(1023, 75.00, '2023-01-23', NULL, 136, 'Withdrawal', NULL, 'Completed', 23),
(1024, 300.25, '2023-01-24', 142, 163, 'Transfer', 'Car Payment', 'Completed', 24),
(1025, 95.50, '2023-01-25', 152, NULL, 'Deposit', 'Bonus Points', 'Completed', 25),
(1026, 50.00, '2023-01-26', NULL, 123, 'Withdrawal', NULL, 'Completed', 26),
(1027, 220.75, '2023-01-27', 129, 169, 'Transfer', 'Electronics Purchase', 'Completed', 27),
(1028, 60.00, '2023-01-28', NULL, 134, 'Deposit', 'Cashback Reward', 'Completed', 28),
(1029, 95.25, '2023-01-29', 157, NULL, 'Withdrawal', NULL, 'Completed', 29),
(1030, 175.00, '2023-01-30', 104, 142, 'Transfer', 'Clothing Shopping', 'Completed', 30),
(1031, 125.50, '2023-01-31', 103, NULL, 'Deposit', 'Interest Payment', 'Completed', 12),
(1032, 85.00, '2023-02-01', NULL, 148, 'Withdrawal', NULL, 'Completed', 13),
(1033, 300.75, '2023-02-02', 115, 160, 'Transfer', 'Utility Bill', 'Completed', 14),
(1034, 150.25, '2023-02-03', 186, NULL, 'Deposit', 'Cashback Reward', 'Completed', 15),
(1035, 70.00, '2023-02-04', NULL, 139, 'Withdrawal', NULL, 'Completed', 16),
(1036, 225.00, '2023-02-05', 176, 199, 'Transfer', 'Online Shopping', 'Completed', 17),
(1037, 110.75, '2023-02-06', 142, NULL, 'Deposit', 'Bonus Payment', 'Completed', 18),
(1038, 95.00, '2023-02-07', NULL, 125, 'Withdrawal', NULL, 'Completed', 19),
(1039, 270.25, '2023-02-08', 131, 164, 'Transfer', 'Electronics Purchase', 'Completed', 20),
(1040, 80.50, '2023-02-09', NULL, 152, 'Deposit', 'Cashback Reward', 'Completed', 21),
(1041, 105.00, '2023-02-10', 161, NULL, 'Withdrawal', NULL, 'Completed', 22),
(1042, 310.75, '2023-02-11', 110, 178, 'Transfer', 'Grocery Shopping', 'Completed', 23),
(1043, 125.25, '2023-02-12', NULL, 137, 'Deposit', 'Refund', 'Completed', 24),
(1044, 65.00, '2023-02-13', 119, NULL, 'Withdrawal', NULL, 'Completed', 25),
(1045, 250.00, '2023-02-14', 102, 155, 'Transfer', 'Restaurant Bill', 'Completed', 26),
(1046, 70.75, '2023-02-15', NULL, 143, 'Deposit', 'Bonus Points', 'Completed', 27),
(1047, 95.50, '2023-02-16', 171, NULL, 'Withdrawal', NULL, 'Completed', 28),
(1048, 225.25, '2023-02-17', 135, 168, 'Transfer', 'Car Payment', 'Completed', 29),
(1049, 50.00, '2023-02-18', NULL, 110, 'Deposit', 'Cashback Reward', 'Completed', 30),
(1050, 75.25, '2023-02-19', 149, NULL, 'Withdrawal', NULL, 'Completed', 1),
(1051, 300.00, '2023-02-20', 123, 166, 'Transfer', 'Electronics Purchase', 'Completed', 2),
(1052, 110.50, '2023-02-21', NULL, 124, 'Deposit', 'Cashback Reward', 'Completed', 3),
(1053, 85.00, '2023-02-22', 158, NULL, 'Withdrawal', NULL, 'Completed', 4),
(1054, 265.75, '2023-02-23', 120, 173, 'Transfer', 'Online Shopping', 'Completed', 5),
(1055, 75.25, '2023-02-24', NULL, 114, 'Deposit', 'Bonus Payment', 'Completed', 6),
(1056, 95.50, '2023-02-25', 144, NULL, 'Withdrawal', NULL, 'Completed', 7),
(1057, 215.00, '2023-02-26', 170, 175, 'Transfer', 'Utility Bill', 'Completed', 8),
(1058, 70.00, '2023-02-27', NULL, 101, 'Deposit', 'Cashback Reward', 'Completed', 9),
(1059, 100.75, '2023-02-28', 166, NULL, 'Withdrawal', NULL, 'Completed', 10),
(1060, 275.50, '2023-03-01', 152, 180, 'Transfer', 'Grocery Shopping', 'Completed', 11),
(1061, 120.50, '2023-03-02', 106, NULL, 'Deposit', 'Interest Payment', 'Completed', 12),
(1062, 95.00, '2023-03-03', NULL, 147, 'Withdrawal', NULL, 'Completed', 13),
(1063, 310.75, '2023-03-04', 122, 163, 'Transfer', 'Utility Bill', 'Completed', 14),
(1064, 140.25, '2023-03-05', 187, NULL, 'Deposit', 'Cashback Reward', 'Completed', 15),
(1065, 75.00, '2023-03-06', NULL, 140, 'Withdrawal', NULL, 'Completed', 16),
(1066, 230.00, '2023-03-07', 154, 197, 'Transfer', 'Online Shopping', 'Completed', 17),
(1067, 105.75, '2023-03-08', 138, NULL, 'Deposit', 'Bonus Payment', 'Completed', 18),
(1068, 90.00, '2023-03-09', NULL, 128, 'Withdrawal', NULL, 'Completed', 19),
(1069, 260.25, '2023-03-10', 134, 167, 'Transfer', 'Electronics Purchase', 'Completed', 20),
(1070, 70.50, '2023-03-11', NULL, 129, 'Deposit', 'Cashback Reward', 'Completed', 21),
(1071, 110.00, '2023-03-12', 165, NULL, 'Withdrawal', NULL, 'Completed', 22),
(1072, 300.75, '2023-03-13', 108, 174, 'Transfer', 'Grocery Shopping', 'Completed', 23),
(1073, 135.25, '2023-03-14', NULL, 133, 'Deposit', 'Refund', 'Completed', 24),
(1074, 80.00, '2023-03-15', 121, NULL, 'Withdrawal', NULL, 'Completed', 25),
(1075, 245.00, '2023-03-16', 103, 157, 'Transfer', 'Restaurant Bill', 'Completed', 26),
(1076, 75.75, '2023-03-17', NULL, 135, 'Deposit', 'Bonus Points', 'Completed', 27),
(1077, 90.50, '2023-03-18', 169, NULL, 'Withdrawal', NULL, 'Completed', 28),
(1078, 220.25, '2023-03-19', 127, 170, 'Transfer', 'Car Payment', 'Completed', 29),
(1079, 55.00, '2023-03-20', NULL, 107, 'Deposit', 'Cashback Reward', 'Completed', 30),
(1080, 80.25, '2023-03-21', 146, NULL, 'Withdrawal', NULL, 'Completed', 1),
(1081, 290.00, '2023-03-22', 124, 162, 'Transfer', 'Electronics Purchase', 'Completed', 2),
(1082, 100.50, '2023-03-23', NULL, 119, 'Deposit', 'Cashback Reward', 'Completed', 3),
(1083, 110.00, '2023-03-24', 170, NULL, 'Withdrawal', NULL, 'Completed', 4),
(1084, 325.75, '2023-03-25', 103, 157, 'Transfer', 'Online Shopping', 'Completed', 5),
(1085, 90.25, '2023-03-26', NULL, 135, 'Deposit', 'Bonus Payment', 'Completed', 6),
(1086, 105.50, '2023-03-27', 169, NULL, 'Withdrawal', NULL, 'Completed', 7),
(1087, 215.00, '2023-03-28', 126, 171, 'Transfer', 'Utility Bill', 'Completed', 8),
(1088, 60.00, '2023-03-29', NULL, 110, 'Deposit', 'Cashback Reward', 'Completed', 9),
(1089, 95.75, '2023-03-30', 159, NULL, 'Withdrawal', NULL, 'Completed', 10),
(1090, 260.25, '2023-03-31', 131, 166, 'Transfer', 'Grocery Shopping', 'Completed', 11),
(1091, 95.00, '2023-04-01', NULL, 142, 'Withdrawal', NULL, 'Completed', 6),
(1092, 200.75, '2023-04-02', 124, 161, 'Transfer', 'Payment to Vendor', 'Completed', 7),
(1093, 85.25, '2023-04-03', NULL, 134, 'Deposit', 'Cashback Reward', 'Completed', 8),
(1094, 60.50, '2023-04-04', 148, NULL, 'Withdrawal', NULL, 'Completed', 9),
(1095, 250.00, '2023-04-05', 106, 155, 'Transfer', 'Online Shopping', 'Completed', 10),
(1096, 75.75, '2023-04-06', NULL, 136, 'Deposit', 'Interest Payment', 'Completed', 11),
(1097, 105.00, '2023-04-07', 176, NULL, 'Withdrawal', NULL, 'Completed', 12),
(1098, 240.25, '2023-04-08', 130, 165, 'Transfer', 'Utility Bill', 'Completed', 13),
(1099, 70.00, '2023-04-09', NULL, 112, 'Deposit', 'Bonus Payment', 'Completed', 14),
(1100, 115.50, '2023-04-10', 171, NULL, 'Withdrawal', NULL, 'Completed', 15);

INSERT INTO SecurityParameters (ParameterID, IPAddress, DeviceID, TransactionID) VALUES
(1, '192.168.1.1', 'Device001', 1001),
(2, '192.168.1.2', 'Device002', 1002),
(3, '192.168.1.3', 'Device003', 1003),
(4, '192.168.1.4', 'Device004', 1004),
(5, '192.168.1.5', 'Device005', 1005),
(6, '192.168.1.6', 'Device006', 1006),
(7, '192.168.1.7', 'Device007', 1007),
(8, '192.168.1.8', 'Device008', 1008),
(9, '192.168.1.9', 'Device009', 1009),
(10, '192.168.1.10', 'Device010', 1010),
(11, '192.168.2.1', 'Device020', 1071),
(12, '192.168.2.2', 'Device021', 1042),
(13, '192.168.2.3', 'Device022', 1053),
(14, '192.168.2.4', 'Device023', 1024),
(15, '192.168.2.5', 'Device024', 1095),
(16, '192.168.2.6', 'Device025', 1066),
(17, '192.168.2.7', 'Device026', 1037),
(18, '192.168.2.8', 'Device027', 1088),
(19, '192.168.2.9', 'Device028', 1059),
(20, '192.168.2.10', 'Device029', 1030),
(21, '192.168.2.11', 'Device030', 1072),
(22, '192.168.2.12', 'Device031', 1043),
(23, '192.168.2.13', 'Device032', 1014),
(24, '192.168.2.14', 'Device033', 1096),
(25, '192.168.2.15', 'Device034', 1067),
(26, '192.168.2.16', 'Device035', 1038),
(27, '192.168.2.17', 'Device036', 1089),
(28, '192.168.2.18', 'Device037', 1060),
(29, '192.168.2.19', 'Device038', 1031),
(30, '192.168.2.20', 'Device039', 1073),
(31, '192.168.3.101', 'Device051', 1021),
(32, '192.168.3.102', 'Device052', 1042),
(33, '192.168.3.103', 'Device053', 1063),
(34, '192.168.3.104', 'Device054', 1084),
(35, '192.168.3.105', 'Device055', 1010),
(36, '192.168.3.106', 'Device056', 1031),
(37, '192.168.3.107', 'Device057', 1052),
(38, '192.168.3.108', 'Device058', 1073),
(39, '192.168.3.109', 'Device059', 1094),
(40, '192.168.3.110', 'Device060', 1015),
(41, '192.168.3.111', 'Device061', 1036),
(42, '192.168.3.112', 'Device062', 1057),
(43, '192.168.3.113', 'Device063', 1078),
(44, '192.168.3.114', 'Device064', 1099),
(45, '192.168.3.115', 'Device065', 1020),
(46, '192.168.3.116', 'Device066', 1041),
(47, '192.168.3.117', 'Device067', 1062),
(48, '192.168.3.118', 'Device068', 1083),
(49, '192.168.3.119', 'Device069', 1011),
(50, '192.168.3.120', 'Device070', 1032),
(51, '192.168.3.121', 'Device071', 1053),
(52, '192.168.3.122', 'Device072', 1074),
(53, '192.168.3.123', 'Device073', 1095),
(54, '192.168.3.124', 'Device074', 1016),
(55, '192.168.3.125', 'Device075', 1037),
(56, '192.168.3.126', 'Device076', 1058),
(57, '192.168.3.127', 'Device077', 1079),
(58, '192.168.3.128', 'Device078', 1100),
(59, '192.168.3.129', 'Device079', 1022),
(60, '192.168.3.130', 'Device080', 1043),
(61, '192.168.4.131', 'Device081', 1064),
(62, '192.168.4.132', 'Device082', 1085),
(63, '192.168.4.133', 'Device083', 1011),
(64, '192.168.4.134', 'Device084', 1032),
(65, '192.168.4.135', 'Device085', 1053),
(66, '192.168.4.136', 'Device086', 1074),
(67, '192.168.4.137', 'Device087', 1095),
(68, '192.168.4.138', 'Device088', 1016),
(69, '192.168.4.139', 'Device089', 1037),
(70, '192.168.4.140', 'Device090', 1058),
(71, '192.168.4.141', 'Device091', 1079),
(72, '192.168.4.142', 'Device092', 1100),
(73, '192.168.4.143', 'Device093', 1021),
(74, '192.168.4.144', 'Device094', 1042),
(75, '192.168.4.145', 'Device095', 1063),
(76, '192.168.4.146', 'Device096', 1084),
(77, '192.168.4.147', 'Device097', 1010),
(78, '192.168.4.148', 'Device098', 1031),
(79, '192.168.4.149', 'Device099', 1052),
(80, '192.168.4.150', 'Device100', 1073),
(81, '192.168.4.151', 'Device101', 1094),
(82, '192.168.4.152', 'Device102', 1015),
(83, '192.168.4.153', 'Device103', 1036),
(84, '192.168.4.154', 'Device104', 1057),
(85, '192.168.4.155', 'Device105', 1078),
(86, '192.168.4.156', 'Device106', 1099),
(87, '192.168.4.157', 'Device107', 1020),
(88, '192.168.4.158', 'Device108', 1041),
(89, '192.168.4.159', 'Device109', 1062),
(90, '192.168.4.160', 'Device110', 1083);

INSERT INTO CustFeedback (FeedbackID, Description, CustomerID, TransactionID, InsightID, Type) VALUES
(1, 'Very satisfied with the service.', 3, 1097, 1, 'Positive'),
(2, 'Had issues with transaction speed.', 10, 1034, 2, 'Negative'),
(3, 'Excellent customer support.', 5, 1075, 3, 'Positive'),
(4, 'Transaction was delayed.', 1, 1091, 4, 'Negative'),
(5, 'Very user-friendly interface.', 9, 1052, 5, 'Positive'),
(6, 'Had trouble logging in.', 4, 1063, 6, 'Negative'),
(7, 'Smooth transaction process.', 8, 1016, 7, 'Positive'),
(8, 'The app crashed during operation.', 7, 1027, 8, 'Negative'),
(9, 'Received helpful financial advice.', 2, 1088, 9, 'Positive'),
(10, 'Unexpected fees charged.', 6, 1001, 10, 'Negative'),
(11, 'Appreciate the quick response from support.', 11, 1051, 11, 'Positive'),
(12, 'The website navigation is very intuitive.', 12, 1052, 12, 'Positive'),
(13, 'Encountered some errors with the payment gateway.', 13, 1053, 13, 'Negative'),
(14, 'Great experience with the mobile app.', 14, 1054, 14, 'Positive'),
(15, 'Issues with account verification.', 15, 1055, 15, 'Negative'),
(16, 'The new update has excellent features.', 16, 1056, 16, 'Positive'),
(17, 'Customer service was not as expected.', 17, 1057, 17, 'Negative'),
(18, 'Reward points system is rewarding.', 18, 1058, 18, 'Positive'),
(19, 'Faced difficulties during fund transfer.', 19, 1059, 19, 'Negative'),
(20, 'Simplified and efficient loan application process.', 20, 1060, 20, 'Positive'),
(21, 'The interest rates are not competitive.', 21, 1061, 21, 'Negative'),
(22, 'Had an excellent financial planning session.', 22, 1062, 22, 'Positive'),
(23, 'Discrepancies found in the account statement.', 23, 1063, 23, 'Negative'),
(24, 'The user dashboard is very informative.', 24, 1064, 24, 'Positive'),
(25, 'Delayed notifications for transactions.', 25, 1065, 25, 'Negative'),
(26, 'Impressed by the security features implemented.', 26, 1066, 26, 'Positive'),
(27, 'The fees for overseas transactions are high.', 27, 1067, 27, 'Negative'),
(28, 'Convenient auto-pay setup for bills.', 28, 1068, 28, 'Positive'),
(29, 'Trouble with multi-factor authentication setup.', 29, 1069, 29, 'Negative'),
(30, 'The account bonuses are a great perk.', 30, 1070, 30, 'Positive'),
(31, 'Support took too long to resolve my issue.', 31, 1071, 31, 'Negative'),
(32, 'Happy with the quick loan disbursement.', 32, 1072, 32, 'Positive'),
(33, 'Not satisfied with the trading platform.', 33, 1073, 33, 'Negative'),
(34, 'ATM locations are very convenient.', 34, 1074, 34, 'Positive'),
(35, 'Online chat support was not helpful.', 35, 1075, 35, 'Negative'),
(36, 'The mortgage calculator tool was very accurate.', 36, 1076, 36, 'Positive'),
(37, 'The credit card rewards are not as good as advertised.', 37, 1077, 37, 'Negative'),
(38, 'Seamless experience with auto-investing feature.', 38, 1078, 38, 'Positive'),
(39, 'The mobile deposit feature saved me a trip to the bank.', 39, 1079, 39, 'Positive'),
(40, 'Interest rates for savings accounts could be better.', 40, 1080, 40, 'Negative'),
(41, 'Interest accrual on deposits is satisfactory.', 41, 1081, 41, 'Positive'),
(42, 'The overdraft protection feature needs improvement.', 42, 1082, 42, 'Negative'),
(43, 'Mobile app notifications are timely and useful.', 43, 1083, 43, 'Positive'),
(44, 'Experienced delays in wire transfer completion.', 44, 1084, 44, 'Negative'),
(45, 'Online banking portal is user-friendly.', 45, 1085, 45, 'Positive'),
(46, 'The statement report format is confusing.', 46, 1086, 46, 'Negative'),
(47, 'Appreciate the 24/7 customer helpline.', 47, 1087, 47, 'Positive'),
(48, 'Had a poor experience with loan servicing.', 48, 1088, 48, 'Negative'),
(49, 'Financial advisors are knowledgeable and helpful.', 49, 1089, 49, 'Positive'),
(50, 'Credit card application process was cumbersome.', 50, 1090, 50, 'Negative'),
(51, 'The websites FAQ section is very comprehensive.', 51, 1052, 51, 'Positive'),
(52, 'Unsatisfied with the available investment options.', 52, 1053, 52, 'Negative'),
(53, 'ATM operating hours are convenient.', 53, 1054, 53, 'Positive'),
(54, 'Difficulties encountered with account merging.', 54, 1055, 54, 'Negative'),
(55, 'The budgeting tool has helped with my savings.', 55, 1056, 55, 'Positive'),
(56, 'Customer service often redirects calls excessively.', 56, 1057, 56, 'Negative'),
(57, 'Rewards program is a great incentive for spending.', 57, 1058, 57, 'Positive'),
(58, 'The tellers at my local branch are always friendly.', 58, 1059, 58, 'Positive'),
(59, 'Disappointed by the lack of student loan services.', 59, 1060, 59, 'Negative'),
(60, 'Setting up direct deposit was an easy process.', 60, 1061, 60, 'Positive'),
(61, 'Credit score services provided are top-notch.', 61, 1062, 61, 'Positive'),
(62, 'Encountered some issues with biometric login features.', 62, 1063, 62, 'Negative'),
(63, 'The security of the online accounts feels robust.', 63, 1064, 63, 'Positive'),
(64, 'Customer portal could use more detailed transaction info.', 64, 1065, 64, 'Negative'),
(65, 'The mortgage rates offered are very competitive.', 65, 1066, 65, 'Positive'),
(66, 'Not all branches offer the same quality of service.', 66, 1067, 66, 'Negative'),
(67, 'Online payment options are versatile and convenient.', 67, 1068, 67, 'Positive'),
(68, 'Had some technical issues during online account setup.', 68, 1069, 68, 'Negative'),
(69, 'The quick pay feature has made bill payments easier.', 69, 1070, 69, 'Positive'),
(70, 'Foreign transaction fees are higher than expected.', 70, 1071, 70, 'Negative'),
(71, 'The credit card rewards program is excellent.', 71, 1001, 71, 'Positive'),
(72, 'Received multiple notifications for the same transaction.', 72, 1002, 72, 'Negative'),
(73, 'Mobile apps interface needs a modern update.', 73, 1003, 73, 'Negative'),
(74, 'Quick response from customer support during an issue.', 74, 1004, 74, 'Positive'),
(75, 'Convenient access to account statements online.', 75, 1005, 75, 'Positive'),
(76, 'Confusing fee structure for international transactions.', 76, 1006, 76, 'Negative'),
(77, 'Efficient bill payment options through the app.', 77, 1007, 77, 'Positive'),
(78, 'Difficulties setting up online banking for a joint account.', 78, 1008, 78, 'Negative'),
(79, 'Highly satisfied with the loan application process.', 79, 1009, 79, 'Positive'),
(80, 'Inaccurate account balance shown on the website.', 80, 1010, 80, 'Negative'),
(81, 'Prompt response from the mortgage department.', 81, 1011, 81, 'Positive'),
(82, 'Difficulty in finding investment advice resources.', 82, 1012, 82, 'Negative'),
(83, 'Secure login process with two-factor authentication.', 83, 1013, 83, 'Positive'),
(84, 'The mobile app occasionally crashes.', 84, 1014, 84, 'Negative'),
(85, 'Extensive range of credit card options available.', 85, 1015, 85, 'Positive'),
(86, 'Poorly explained overdraft protection terms.', 86, 1016, 86, 'Negative'),
(87, 'Online chat support is responsive and helpful.', 87, 1017, 87, 'Positive'),
(88, 'Delayed response to a lost card report.', 88, 1018, 88, 'Negative'),
(89, 'The investment calculator tool is very useful.', 89, 1019, 89, 'Positive'),
(90, 'Incorrect tax information provided for savings accounts.', 90, 1020, 90, 'Negative'),
(91, 'High interest rates for savings accounts.', 91, 1021, 91, 'Positive'),
(92, 'The mobile apps design is outdated.', 92, 1022, 92, 'Negative'),
(93, 'Effortless account balance check through voice commands.', 93, 1023, 93, 'Positive'),
(94, 'Transaction history is sometimes incomplete.', 94, 1024, 94, 'Negative'),
(95, 'Friendly and helpful staff at the local branch.', 95, 1025, 95, 'Positive'),
(96, 'Unexplained account maintenance fees.', 96, 1026, 96, 'Negative'),
(97, 'Convenient online loan application process.', 97, 1027, 97, 'Positive'),
(98, 'Unauthorized charges were difficult to resolve.', 98, 1028, 98, 'Negative'),
(99, 'Excellent mortgage rates for first-time buyers.', 99, 1029, 99, 'Positive'),
(100, 'Inconsistent customer service experiences.', 100, 1030, 100, 'Negative');

INSERT INTO FinancialInsight (InsightID, CustomerID, TransactionPatterns, InsightType, InsightDetail, DateGenerated) VALUES
(1, 3, 'Frequent large deposits', 'Deposit Pattern', 'Customer frequently receives large deposits into their savings account.', '2023-11-22'),
(2, 10, 'Frequent small withdrawals', 'Withdrawal Pattern', 'Customer frequently makes small withdrawals from their checking account.', '2023-11-22'),
(3, 5, 'Steady balance increase', 'Balance Trend', 'Customers account balance has been steadily increasing over the past few months.', '2023-11-22'),
(4, 1, 'Irregular transaction timing', 'Transaction Timing', 'Customer tends to make transactions at irregular times of the day.', '2023-11-22'),
(5, 9, 'Regular transfers to another account', 'Transfer Pattern', 'Customer regularly transfers funds from their savings account to another account.', '2023-11-22'),
(6, 4, 'Frequent login failures', 'Login Behavior', 'Customer experiences frequent login failures when accessing their account.', '2023-11-22'),
(7, 8, 'Consistent bill payments', 'Payment Behavior', 'Customer consistently makes on-time bill payments through their account.', '2023-11-22'),
(8, 7, 'App usage during crashes', 'App Behavior', 'Customer frequently uses the mobile app, even during periods of app crashes.', '2023-11-22'),
(9, 2, 'Regular financial advice sessions', 'Engagement Pattern', 'Customer regularly schedules and attends financial advice sessions.', '2023-11-22'),
(10, 6, 'Unexplained fee charges', 'Fee Pattern', 'Customer has been charged with unexplained fees on multiple occasions.', '2023-11-22'),
(11, 8, 'Consistent bill payments', 'Payment Behavior', 'Customer consistently makes on-time bill payments through their account.', '2023-11-22'),
(12, 7, 'App usage during crashes', 'App Behavior', 'Customer frequently uses the mobile app, even during periods of app crashes.', '2023-11-22'),
(13, 7, 'Frequent large deposits', 'Deposit Pattern', 'Customer frequently receives large deposits into their savings account.', '2023-11-22'),
(14, 8, 'Frequent small withdrawals', 'Withdrawal Pattern', 'Customer frequently makes small withdrawals from their checking account.', '2023-11-22'),
(15, 11, 'Steady balance increase', 'Balance Trend', 'Customer\'s account balance has been steadily increasing over the past few months.', '2023-11-22'),
(16, 2, 'Irregular transaction timing', 'Transaction Timing', 'Customer tends to make transactions at irregular times of the day.', '2023-11-22'),
(17, 10, 'Regular transfers to another account', 'Transfer Pattern', 'Customer regularly transfers funds from their savings account to another account.', '2023-11-22'),
(18, 5, 'Frequent login failures', 'Login Behavior', 'Customer experiences frequent login failures when accessing their account.', '2023-11-22'),
(19, 9, 'Consistent bill payments', 'Payment Behavior', 'Customer consistently makes on-time bill payments through their account.', '2023-11-22'),
(20, 12, 'App usage during crashes', 'App Behavior', 'Customer frequently uses the mobile app, even during periods of app crashes.', '2023-11-22'),
(21, 3, 'Regular financial advice sessions', 'Engagement Pattern', 'Customer regularly schedules and attends financial advice sessions.', '2023-11-22'),
(22, 6, 'Unexplained fee charges', 'Fee Pattern', 'Customer has been charged with unexplained fees on multiple occasions.', '2023-11-22'),
(23, 4, 'High transaction frequency', 'Transaction Frequency', 'Customer has a high frequency of transactions within their account.', '2023-11-22'),
(24, 15, 'Large balance fluctuations', 'Balance Trend', 'Customers account balance experiences significant fluctuations.', '2023-11-22'),
(25, 14, 'Frequent international transactions', 'Transaction Pattern', 'Customer frequently initiates international transactions.', '2023-11-22'),
(26, 13, 'Low account activity', 'Activity Level', 'Customers account shows low activity with minimal transactions.', '2023-11-22'),
(27, 16, 'Regular bill payments', 'Payment Behavior', 'Customer consistently pays various bills through their account.', '2023-11-22'),
(28, 19, 'App usage during off-peak hours', 'App Behavior', 'Customer tends to use the mobile app during off-peak hours.', '2023-11-22'),
(29, 18, 'Investment-related transactions', 'Transaction Pattern', 'Customer frequently engages in investment-related transactions.', '2023-11-22'),
(30, 20, 'High ATM withdrawal frequency', 'Withdrawal Pattern', 'Customer makes frequent withdrawals from ATMs using their account.', '2023-11-22'),
(31, 17, 'Inconsistent spending patterns', 'Spending Behavior', 'Customer exhibits inconsistent spending patterns within their account.', '2023-11-22'),
(32, 22, 'Frequent password resets', 'Login Behavior', 'Customer frequently resets their password for account access.', '2023-11-22'),
(33, 23, 'Utility bill payments', 'Payment Behavior', 'Customer regularly pays utility bills through their account.', '2023-11-22'),
(34, 21, 'Regular large transfers', 'Transfer Pattern', 'Customer regularly initiates large fund transfers to other accounts.', '2023-11-22'),
(35, 25, 'Low account balance', 'Balance Trend', 'Customers account maintains a consistently low balance.', '2023-11-22'),
(36, 24, 'Frequent credit card transactions', 'Transaction Pattern', 'Customer frequently makes transactions using their credit card linked to the account.', '2023-11-22'),
(37, 26, 'High account activity', 'Activity Level', 'Customers account shows high activity with numerous transactions.', '2023-11-22'),
(38, 28, 'Online shopping transactions', 'Transaction Pattern', 'Customer frequently engages in online shopping transactions.', '2023-11-22'),
(39, 27, 'Regular loan payments', 'Payment Behavior', 'Customer consistently makes payments towards their loans through their account.', '2023-11-22'),
(40, 30, 'High cash deposits', 'Deposit Pattern', 'Customer frequently makes cash deposits into their account.', '2023-11-22'),
(41, 29, 'Irregular bill payments', 'Payment Behavior', 'Customer exhibits irregular patterns in bill payments.', '2023-11-22'),
(42, 32, 'Regular fund transfers', 'Transfer Pattern', 'Customer frequently transfers funds between their accounts.', '2023-11-22'),
(43, 31, 'High credit card debt', 'Debt Level', 'Customer carries a significant amount of credit card debt.', '2023-11-22'),
(44, 34, 'Frequent international purchases', 'Transaction Pattern', 'Customer frequently makes international online purchases.', '2023-11-22'),
(45, 33, 'Low savings rate', 'Savings Behavior', 'Customers savings rate is lower than average.', '2023-11-22'),
(46, 36, 'Inconsistent deposit amounts', 'Deposit Pattern', 'Customers deposit amounts vary inconsistently over time.', '2023-11-22'),
(47, 35, 'Regular mortgage payments', 'Payment Behavior', 'Customer consistently makes mortgage payments through their account.', '2023-11-22'),
(48, 38, 'High credit utilization', 'Credit Usage', 'Customer frequently utilizes a high percentage of their available credit.', '2023-11-22'),
(49, 37, 'Low investment activity', 'Investment Behavior', 'Customer engages in minimal investment-related transactions.', '2023-11-22'),
(50, 40, 'Frequent ATM withdrawals', 'Withdrawal Pattern', 'Customer frequently withdraws cash from ATMs using their account.', '2023-11-22'),
(51, 39, 'Regular auto loan payments', 'Payment Behavior', 'Customer consistently makes auto loan payments through their account.', '2023-11-22'),
(52, 42, 'High credit card balance', 'Debt Level', 'Customer maintains a high balance on their credit card linked to the account.', '2023-11-22'),
(53, 41, 'Frequent online payments', 'Payment Pattern', 'Customer frequently makes online payments through their account.', '2023-11-22'),
(54, 44, 'Low checking account balance', 'Balance Trend', 'Customers checking account balance remains consistently low.', '2023-11-22'),
(55, 43, 'Regular student loan payments', 'Payment Behavior', 'Customer consistently makes student loan payments through their account.', '2023-11-22'),
(56, 46, 'Frequent large withdrawals', 'Withdrawal Pattern', 'Customer frequently makes large withdrawals from their account.', '2023-11-22'),
(57, 45, 'Inconsistent spending habits', 'Spending Behavior', 'Customer exhibits inconsistent spending habits within their account.', '2023-11-22'),
(58, 48, 'Regular utility bill payments', 'Payment Behavior', 'Customer consistently pays utility bills through their account.', '2023-11-22'),
(59, 47, 'High credit card usage', 'Credit Usage', 'Customer frequently uses their credit card linked to the account.', '2023-11-22'),
(60, 50, 'Frequent peer-to-peer transfers', 'Transfer Pattern', 'Customer frequently transfers funds to peers using their account.', '2023-11-22'),
(61, 49, 'Low savings balance', 'Balance Trend', 'Customers savings account balance remains consistently low.', '2023-11-22'),
(62, 52, 'Regular credit card payments', 'Payment Behavior', 'Customer consistently makes credit card payments through their account.', '2023-11-22'),
(63, 51, 'High overdraft occurrences', 'Overdraft Behavior', 'Customer experiences frequent overdraft occurrences in their account.', '2023-11-22'),
(64, 54, 'Frequent electronic payments', 'Payment Pattern', 'Customer frequently makes electronic payments through their account.', '2023-11-22'),
(65, 53, 'Low investment diversification', 'Investment Behavior', 'Customer has limited diversification in their investment portfolio.', '2023-11-22'),
(66, 56, 'Regular loan repayments', 'Payment Behavior', 'Customer consistently makes repayments on their loans through their account.', '2023-11-22'),
(67, 55, 'High credit card utilization', 'Credit Usage', 'Customer frequently utilizes a high percentage of their credit limit on their credit card linked to the account.', '2023-11-22'),
(68, 58, 'Frequent cash deposits', 'Deposit Pattern', 'Customer frequently makes cash deposits into their account.', '2023-11-22'),
(69, 57, 'Regular mortgage loan payments', 'Payment Behavior', 'Customer consistently makes mortgage loan payments through their account.', '2023-11-22'),
(70, 60, 'High number of wire transfers', 'Transfer Pattern', 'Customer frequently initiates wire transfers from their account.', '2023-11-22'),
(71, 59, 'Frequent international wire transfers', 'Transfer Pattern', 'Customer frequently makes international wire transfers from their account.', '2023-11-22'),
(72, 62, 'High credit card debt accumulation', 'Debt Level', 'Customer has accumulated a significant amount of credit card debt.', '2023-11-22'),
(73, 61, 'Regular bill payments with no delays', 'Payment Behavior', 'Customer consistently makes bill payments on time through their account.', '2023-11-22'),
(74, 64, 'Low investment activity and diversification', 'Investment Behavior', 'Customer engages in minimal investment activity with limited diversification.', '2023-11-22'),
(75, 63, 'Frequent cash withdrawals from ATMs', 'Withdrawal Pattern', 'Customer frequently withdraws cash from ATMs using their account.', '2023-11-22'),
(76, 66, 'Regular auto loan payments without defaults', 'Payment Behavior', 'Customer consistently makes auto loan payments without defaults through their account.', '2023-11-22'),
(77, 65, 'High usage of credit card rewards', 'Credit Card Usage', 'Customer frequently utilizes credit card rewards for various transactions.', '2023-11-22'),
(78, 68, 'Frequent mobile app usage for banking', 'App Behavior', 'Customer frequently uses the mobile app for banking activities.', '2023-11-22'),
(79, 67, 'Low savings balance with infrequent deposits', 'Savings Behavior', 'Customer maintains a low savings balance with infrequent deposits.', '2023-11-22'),
(80, 70, 'Regular student loan payments with no defaults', 'Payment Behavior', 'Customer consistently makes student loan payments with no defaults through their account.', '2023-11-22'),
(81, 69, 'High frequency of online shopping transactions', 'Transaction Pattern', 'Customer frequently engages in online shopping transactions using their account.', '2023-11-22'),
(82, 72, 'Low average account balance', 'Balance Trend', 'Customers average account balance is consistently low.', '2023-11-22'),
(83, 71, 'Regular credit card payments with no late fees', 'Payment Behavior', 'Customer consistently makes credit card payments with no late fees through their account.', '2023-11-22'),
(84, 74, 'Frequent use of electronic payment methods', 'Payment Pattern', 'Customer frequently makes electronic payments using various methods through their account.', '2023-11-22'),
(85, 73, 'Low investment portfolio growth', 'Investment Behavior', 'Customers investment portfolio exhibits slow growth over time.', '2023-11-22'),
(86, 76, 'Regular mortgage payments with no defaults', 'Payment Behavior', 'Customer consistently makes mortgage payments with no defaults through their account.', '2023-11-22'),
(87, 75, 'High credit card utilization and on-time payments', 'Credit Card Behavior', 'Customer frequently utilizes a high percentage of their credit card limit but makes on-time payments.', '2023-11-22'),
(88, 78, 'Frequent large cash deposits', 'Deposit Pattern', 'Customer frequently makes large cash deposits into their account.', '2023-11-22'),
(89, 77, 'Regular utility bill payments with no late fees', 'Payment Behavior', 'Customer consistently pays utility bills on time with no late fees through their account.', '2023-11-22'),
(90, 80, 'High number of wire transfers to international accounts', 'Transfer Pattern', 'Customer frequently initiates wire transfers to international accounts from their account.', '2023-11-22'),
(91, 79, 'Low utilization of available credit', 'Credit Usage', 'Customer maintains a low utilization rate of their available credit.', '2023-11-22'),
(92, 82, 'Frequent charitable donations', 'Donation Pattern', 'Customer frequently makes charitable donations through their account.', '2023-11-22'),
(93, 81, 'Regular personal loan payments with no defaults', 'Payment Behavior', 'Customer consistently makes personal loan payments with no defaults through their account.', '2023-11-22'),
(94, 84, 'High frequency of mobile check deposits', 'Deposit Pattern', 'Customer frequently makes mobile check deposits into their account.', '2023-11-22'),
(95, 83, 'Low investment in cryptocurrency', 'Cryptocurrency Behavior', 'Customer has minimal investments in cryptocurrency.', '2023-11-22'),
(96, 86, 'Regular car loan payments with no defaults', 'Payment Behavior', 'Customer consistently makes car loan payments with no defaults through their account.', '2023-11-22'),
(97, 85, 'High credit score maintenance', 'Credit Score Behavior', 'Customer consistently maintains a high credit score.', '2023-11-22'),
(98, 88, 'Frequent international travel-related expenses', 'Expense Pattern', 'Customer frequently incurs international travel-related expenses using their account.', '2023-11-22'),
(99, 87, 'Regular retirement account contributions', 'Investment Behavior', 'Customer consistently contributes to their retirement account.', '2023-11-22'),
(100, 90, 'High frequency of ATM deposits', 'Deposit Pattern', 'Customer frequently makes deposits at ATMs using their account.', '2023-11-22');

INSERT INTO SavingsAccount (AccountNumber, InterestRate, MinimumBalanceRequirement) VALUES
(101, 0.02, 1000.00),  
(103, 0.015, 500.00),  
(105, 0.025, 1500.00), 
(107, 0.03, 2000.00),  
(109, 0.015, 1000.00), 
(111, 0.02, 750.00),
(113, 0.015, 800.00),
(115, 0.02, 1200.00),
(117, 0.025, 1600.00),
(119, 0.03, 1800.00),
(121, 0.015, 900.00),
(123, 0.02, 1100.00),
(125, 0.025, 1400.00),
(127, 0.03, 2000.00),
(129, 0.015, 950.00),
(131, 0.02, 1300.00),
(133, 0.025, 1700.00),
(135, 0.03, 2200.00),
(137, 0.015, 1050.00),
(139, 0.02, 1250.00),
(141, 0.025, 1550.00),
(143, 0.03, 2400.00),
(145, 0.015, 1000.00),
(147, 0.02, 1350.00),
(149, 0.025, 1750.00),
(151, 0.03, 2600.00),
(153, 0.015, 1100.00),
(155, 0.02, 1450.00),
(157, 0.025, 1900.00),
(159, 0.03, 2800.00),
(161, 0.015, 1150.00),
(163, 0.02, 1550.00),
(165, 0.025, 2050.00),
(167, 0.03, 3000.00),
(169, 0.015, 1200.00),
(171, 0.02, 1650.00);

INSERT INTO CheckingAccount (AccountNumber, OverdraftLimit, ATMWithdrawalLimit) VALUES
(121, 500.00, 300.00),
(123, 1000.00, 400.00),
(125, 800.00, 350.00),
(127, 1200.00, 500.00),
(129, 600.00, 250.00),
(131, 1500.00, 600.00),
(133, 700.00, 300.00),
(135, 1100.00, 450.00),
(137, 900.00, 400.00),
(139, 1300.00, 550.00),
(141, 650.00, 350.00),
(143, 1100.00, 500.00),
(145, 750.00, 300.00),
(147, 1250.00, 550.00),
(149, 580.00, 280.00),
(151, 1400.00, 600.00),
(153, 680.00, 320.00),
(155, 1050.00, 480.00),
(157, 890.00, 420.00),
(159, 1350.00, 570.00),
(161, 720.00, 350.00),
(163, 1150.00, 520.00),
(165, 800.00, 400.00),
(167, 1300.00, 560.00),
(169, 620.00, 300.00),
(171, 1450.00, 620.00),
(173, 710.00, 340.00),
(175, 1200.00, 530.00),
(177, 840.00, 420.00),
(179, 1370.00, 590.00);

INSERT INTO LoanAccount (AccountNumber, LoanAmount, InterestRate, LoanTermMonths) VALUES
(141, 10000.00, 0.05, 36),
(143, 5000.00, 0.04, 24),
(145, 15000.00, 0.06, 48),
(147, 8000.00, 0.055, 60),
(149, 12000.00, 0.049, 36),
(151, 7000.00, 0.045, 24),
(153, 20000.00, 0.065, 60),
(155, 9500.00, 0.05, 48),
(157, 18000.00, 0.055, 36),
(159, 11000.00, 0.052, 24),
(161, 8500.00, 0.048, 36),
(163, 4200.00, 0.042, 24),
(165, 12500.00, 0.055, 48),
(167, 6200.00, 0.038, 60),
(169, 9400.00, 0.049, 36),
(171, 5700.00, 0.036, 24),
(173, 16500.00, 0.06, 60),
(175, 7800.00, 0.045, 48),
(177, 14800.00, 0.057, 36),
(179, 8900.00, 0.046, 24),
(181, 11200.00, 0.054, 48),
(183, 5400.00, 0.035, 60),
(185, 13400.00, 0.059, 36),
(187, 7200.00, 0.044, 24),
(189, 15700.00, 0.058, 60),
(191, 6200.00, 0.037, 48),
(193, 9800.00, 0.047, 36),
(195, 4200.00, 0.034, 24),
(197, 16800.00, 0.061, 60),
(199, 8500.00, 0.043, 48);

INSERT INTO TransactionFinancialInsight (TransactionID, InsightID) VALUES
(1034, 12),
(1097, 6),
(1007, 18),
(1075, 3),
(1042, 9),
(1095, 7),
(1033, 15),
(1003, 10),
(1063, 25),
(1092, 8),
(1025, 21),
(1078, 5),
(1059, 2),
(1087, 14),
(1014, 29),
(1088, 4),
(1066, 16),
(1099, 1),
(1029, 27),
(1008, 26),
(1077, 11),
(1083, 13),
(1006, 19),
(1047, 28),
(1061, 24),
(1018, 22),
(1026, 20),
(1055, 30),
(1086, 23),
(1022, 17),
(1036, 24);

INSERT INTO CustFeedbackFinancialInsight (FeedbackID, InsightID)
VALUES
    (1, 1),
    (2, 2),
    (3, 3),
    (4, 4),
    (5, 5),
    (6, 1),
    (7, 2),
    (8, 3),
    (9, 4),
    (10, 5),
    (11, 1),
    (12, 2),
    (1, 3),
    (2, 4),
    (3, 5),
    (4, 1),
    (5, 2),
    (6, 3),
    (7, 4),
    (8, 5),
    (9, 1),
    (10, 2),
    (11, 3),
    (12, 4),
    (1, 5),
    (2, 1),
    (3, 2),
    (4, 3),
    (5, 4),
    (6, 4),
    (7, 5),
    (8, 1),
    (9, 2),
    (10, 3),
    (11, 4),
    (12, 5);


-- Error Code: 1452. Cannot add or update a child row: a foreign key constraint fails (`fraud_detection_system`.`transaction`, CONSTRAINT `transaction_ibfk_3` FOREIGN KEY (`ModelVersionID`) REFERENCES `frauddetectionmodel` (`ModelVersion`))
-- Error Code: 1064. You have an error in your SQL syntax; check the manual that corresponds to your MySQL server version for the right syntax to use near 'INSERT INTO TransactionFinancialInsight (TransactionID, InsightID) VALUES (1034,' at line 41
-- Error Code: 1452. Cannot add or update a child row: a foreign key constraint fails (`fraud_detection_system`.`transactionfinancialinsight`, CONSTRAINT `transactionfinancialinsight_ibfk_2` FOREIGN KEY (`InsightID`) REFERENCES `financialinsight` (`InsightID`))
-- Error Code: 1452. Cannot add or update a child row: a foreign key constraint fails (`fraud_detection_system`.`custfeedback`, CONSTRAINT `custfeedback_ibfk_3` FOREIGN KEY (`InsightID`) REFERENCES `financialinsight` (`InsightID`))
